{"version": "1", "message": "ERROR: Hidden Testcases server unreachable.", "problem_id": "ads2_m4_a1_1", "user_id": "reddy2018bharath", "score": {"sample": {"0": {"execution_time": 1.4848532676696777, "passed": false}, "1": {"execution_time": 0.2632315158843994, "passed": false}, "2": {"execution_time": 0.2873227596282959, "passed": false}, "3": {"execution_time": 0.26304101943969727, "passed": false}, "4": {"execution_time": 0.14107799530029297, "passed": false}, "5": {"execution_time": 0.16610980033874512, "passed": false}, "6": {"execution_time": 0.29694390296936035, "passed": false}, "7": {"execution_time": 0.29194164276123047, "passed": false}, "8": {"execution_time": 0.3032567501068115, "passed": false}, "9": {"execution_time": 0.17503666877746582, "passed": false}, "10": {"execution_time": 0.1943199634552002, "passed": false}, "11": {"execution_time": 0.2802846431732178, "passed": false}, "12": {"execution_time": 0.28078222274780273, "passed": false}, "13": {"execution_time": 0.16511178016662598, "passed": false}, "14": {"execution_time": 0.25432467460632324, "passed": false}}}, "check_style_score": "1/1"}