{"version": "1", "message": "ERROR: Hidden Testcases server unreachable.", "problem_id": "ads2_m4_a1_1", "user_id": "reddy2018bharath", "score": {"sample": {"0": {"execution_time": 0.33226943016052246, "passed": false}, "1": {"execution_time": 0.22687244415283203, "passed": false}, "2": {"execution_time": 0.13983726501464844, "passed": false}, "3": {"execution_time": 0.18626999855041504, "passed": false}, "4": {"execution_time": 0.2848320007324219, "passed": false}, "5": {"execution_time": 0.27599620819091797, "passed": false}, "6": {"execution_time": 0.1533188819885254, "passed": false}, "7": {"execution_time": 0.24663710594177246, "passed": false}, "8": {"execution_time": 0.1508347988128662, "passed": false}, "9": {"execution_time": 0.28354358673095703, "passed": false}, "10": {"execution_time": 0.27919745445251465, "passed": false}, "11": {"execution_time": 0.14112305641174316, "passed": false}, "12": {"execution_time": 0.13831138610839844, "passed": false}, "13": {"execution_time": 0.14700984954833984, "passed": false}, "14": {"execution_time": 0.2786824703216553, "passed": false}}}, "check_style_score": "1/1"}