{"version": "1", "message": "ERROR: Hidden Testcases server unreachable.", "problem_id": "ads2_m6_a1_1", "user_id": "reddy2018bharath", "score": {"sample": {"0": {"execution_time": 0.2863733768463135, "passed": false}, "1": {"execution_time": 0.26088500022888184, "passed": false}, "2": {"execution_time": 0.2492237091064453, "passed": false}, "3": {"execution_time": 0.39041805267333984, "passed": false}, "4": {"execution_time": 0.3297426700592041, "passed": false}, "5": {"execution_time": 0.3031432628631592, "passed": false}, "6": {"execution_time": 0.27857160568237305, "passed": false}, "7": {"execution_time": 0.3771183490753174, "passed": false}, "8": {"execution_time": 0.3889484405517578, "passed": false}, "9": {"execution_time": 0.24005794525146484, "passed": false}, "10": {"execution_time": 0.26563286781311035, "passed": false}, "11": {"execution_time": 0.2851591110229492, "passed": false}}}, "check_style_score": "0/1"}