{"version": "1", "message": "ERROR: Hidden Testcases server unreachable.", "problem_id": "ads2_m2_a1_1", "user_id": "reddy2018bharath", "score": {"sample": {"0": {"execution_time": 0.7859256267547607, "passed": false}, "1": {"execution_time": 0.23394060134887695, "passed": false}, "2": {"execution_time": 0.29556870460510254, "passed": true}, "3": {"execution_time": 0.2769463062286377, "passed": false}, "4": {"execution_time": 0.22280406951904297, "passed": false}, "5": {"execution_time": 0.20563626289367676, "passed": true}, "6": {"execution_time": 0.14983725547790527, "passed": false}, "7": {"execution_time": 0.30975770950317383, "passed": false}, "8": {"execution_time": 0.28807973861694336, "passed": false}, "9": {"execution_time": 0.18905925750732422, "passed": false}, "10": {"execution_time": 0.22737693786621094, "passed": false}, "11": {"execution_time": 0.3006622791290283, "passed": false}, "12": {"execution_time": 0.3006901741027832, "passed": false}, "13": {"execution_time": 0.20481634140014648, "passed": false}, "14": {"execution_time": 0.188187837600708, "passed": false}, "15": {"execution_time": 0.2282717227935791, "passed": true}, "16": {"execution_time": 0.2959456443786621, "passed": false}, "17": {"execution_time": 0.2853422164916992, "passed": false}, "18": {"execution_time": 0.4552590847015381, "passed": false}, "19": {"execution_time": 0.2792344093322754, "passed": false}, "20": {"execution_time": 0.27301478385925293, "passed": false}, "21": {"execution_time": 0.2783801555633545, "passed": false}, "22": {"execution_time": 0.1490037441253662, "passed": false}, "23": {"execution_time": 0.2859306335449219, "passed": false}}}, "check_style_score": "0/1"}