{"version": "1", "message": "ERROR: Hidden Testcases server unreachable.", "problem_id": "ads2_m16_a1_1", "user_id": "reddy2018bharath", "score": {"sample": {"0": {"execution_time": 3.003448724746704, "passed": true}, "1": {"execution_time": 0.6461195945739746, "passed": true}, "2": {"execution_time": 1.6330711841583252, "passed": true}, "3": {"execution_time": 1.3208115100860596, "passed": true}, "4": {"execution_time": 1.452676773071289, "passed": true}, "5": {"execution_time": 6.17580246925354, "passed": true}, "6": {"execution_time": 6.535521984100342, "passed": true}, "7": {"execution_time": 4.495610237121582, "passed": true}, "8": {"execution_time": 2.613859176635742, "passed": true}, "9": {"execution_time": 4.005153656005859, "passed": true}, "10": {"execution_time": 3.925011396408081, "passed": true}, "11": {"execution_time": 10.098193645477295, "passed": false}, "12": {"execution_time": 4.014271259307861, "passed": true}, "13": {"execution_time": 1.468153476715088, "passed": true}, "14": {"execution_time": 3.944812059402466, "passed": true}, "15": {"execution_time": 4.9803466796875, "passed": true}, "16": {"execution_time": 1.910799503326416, "passed": true}, "17": {"execution_time": 2.911285400390625, "passed": true}, "18": {"execution_time": 2.9463112354278564, "passed": true}, "19": {"execution_time": 2.419229745864868, "passed": true}, "20": {"execution_time": 2.5877275466918945, "passed": true}, "21": {"execution_time": 2.3053805828094482, "passed": true}, "22": {"execution_time": 2.5696258544921875, "passed": true}, "23": {"execution_time": 2.872124195098877, "passed": true}, "24": {"execution_time": 1.8124101161956787, "passed": true}, "25": {"execution_time": 7.081167936325073, "passed": true}, "26": {"execution_time": 6.411283016204834, "passed": true}, "27": {"execution_time": 6.9413464069366455, "passed": true}, "28": {"execution_time": 10.09836721420288, "passed": true}, "29": {"execution_time": 2.173687696456909, "passed": true}}}, "check_style_score": "1/1"}