{"version": "1", "message": "ERROR: Hidden Testcases server unreachable.", "problem_id": "ads2_m6_a1_1", "user_id": "reddy2018bharath", "score": {"sample": {"0": {"execution_time": 0.7043929100036621, "passed": false}, "1": {"execution_time": 0.2719886302947998, "passed": false}, "2": {"execution_time": 0.3399202823638916, "passed": false}, "3": {"execution_time": 0.42635130882263184, "passed": false}, "4": {"execution_time": 0.2107372283935547, "passed": true}, "5": {"execution_time": 0.4783353805541992, "passed": false}, "6": {"execution_time": 0.4340813159942627, "passed": true}, "7": {"execution_time": 0.24730658531188965, "passed": false}, "8": {"execution_time": 0.2783231735229492, "passed": true}, "9": {"execution_time": 0.4176974296569824, "passed": true}, "10": {"execution_time": 0.4387495517730713, "passed": true}, "11": {"execution_time": 0.2766737937927246, "passed": false}}}, "check_style_score": "0/1"}