{"version": "1", "message": "ERROR: Hidden Testcases server unreachable.", "problem_id": "ads2_m6_a1_1", "user_id": "prathyushab14", "score": {"sample": {"0": {"execution_time": 0.2835721969604492, "passed": false}, "1": {"execution_time": 0.22369742393493652, "passed": false}, "2": {"execution_time": 0.24337363243103027, "passed": false}, "3": {"execution_time": 0.23235511779785156, "passed": false}, "4": {"execution_time": 0.23973822593688965, "passed": true}, "5": {"execution_time": 0.23203182220458984, "passed": false}, "6": {"execution_time": 0.2220003604888916, "passed": true}, "7": {"execution_time": 0.2301197052001953, "passed": false}, "8": {"execution_time": 0.24983739852905273, "passed": true}, "9": {"execution_time": 0.2226099967956543, "passed": true}, "10": {"execution_time": 0.20849394798278809, "passed": true}, "11": {"execution_time": 0.2375798225402832, "passed": false}}}, "check_style_score": "0/1"}