{"version": "1", "message": "ERROR: Hidden Testcases server unreachable.", "problem_id": "ads2_m6_a1_1", "user_id": "Meher143", "score": {"sample": {"0": {"execution_time": 0.6408741474151611, "passed": false}, "1": {"execution_time": 0.27039504051208496, "passed": false}, "2": {"execution_time": 0.44531941413879395, "passed": false}, "3": {"execution_time": 0.29806995391845703, "passed": false}, "4": {"execution_time": 0.3381991386413574, "passed": true}, "5": {"execution_time": 0.4723029136657715, "passed": false}, "6": {"execution_time": 0.30671215057373047, "passed": true}, "7": {"execution_time": 0.2991065979003906, "passed": false}, "8": {"execution_time": 0.456409215927124, "passed": true}, "9": {"execution_time": 0.3180973529815674, "passed": true}, "10": {"execution_time": 0.26850152015686035, "passed": true}, "11": {"execution_time": 0.33404088020324707, "passed": false}}}, "check_style_score": "0/1"}