{"version": "1", "message": "ERROR: Hidden Testcases server unreachable.", "problem_id": "ads2_m6_a1_1", "user_id": "reddy2018bharath", "score": {"sample": {"0": {"execution_time": 0.2862882614135742, "passed": false}, "1": {"execution_time": 0.19992780685424805, "passed": false}, "2": {"execution_time": 0.40061402320861816, "passed": false}, "3": {"execution_time": 0.3035414218902588, "passed": false}, "4": {"execution_time": 0.30716395378112793, "passed": true}, "5": {"execution_time": 0.4182775020599365, "passed": false}, "6": {"execution_time": 0.25958681106567383, "passed": true}, "7": {"execution_time": 0.3462193012237549, "passed": false}, "8": {"execution_time": 0.38895177841186523, "passed": true}, "9": {"execution_time": 0.39234137535095215, "passed": true}, "10": {"execution_time": 0.37619686126708984, "passed": true}, "11": {"execution_time": 0.4165918827056885, "passed": false}}}, "check_style_score": "0/1"}