{"version": "1", "message": "ERROR: Hidden Testcases server unreachable.", "problem_id": "ads2_m4_a1_1", "user_id": "Meher143", "score": {"sample": {"0": {"execution_time": 0.2512481212615967, "passed": true}, "1": {"execution_time": 0.23474931716918945, "passed": true}, "2": {"execution_time": 0.2650284767150879, "passed": true}, "3": {"execution_time": 0.3193070888519287, "passed": true}, "4": {"execution_time": 0.22443246841430664, "passed": true}, "5": {"execution_time": 0.24225664138793945, "passed": true}, "6": {"execution_time": 0.22633624076843262, "passed": true}, "7": {"execution_time": 0.25622010231018066, "passed": true}, "8": {"execution_time": 0.2534446716308594, "passed": true}, "9": {"execution_time": 0.22620391845703125, "passed": true}, "10": {"execution_time": 0.362499475479126, "passed": true}, "11": {"execution_time": 0.2167510986328125, "passed": true}, "12": {"execution_time": 0.20876598358154297, "passed": true}, "13": {"execution_time": 1.2067482471466064, "passed": true}, "14": {"execution_time": 0.21323084831237793, "passed": true}}}, "check_style_score": "1/1"}